cycle,instret,event,priv,pc,satp,scause,sepc,stval
0,0,RESET_RELEASE,M,0x80000000,0x0,0x0,0x0,0x0
177,25,MRET_M_TO_S,S,0x80000078,0x0,0x0,0x0,0x0
48534,6302,SATP_SV39_ON,S,0x80000ae8,0x8000000000080100,0x0,0x0,0x0
49304,6378,SRET_S_TO_U,U,0x40000000,0x8000000000080100,0x0,0x40000000,0x0
49361,6382,TRAP_U_TO_S,S,0x800000d0,0x8000000000080100,0x8,0x40000010,0x0
49361,6382,ECALL_FROM_U,S,0x800000d0,0x8000000000080100,0x8,0x40000010,0x0
51935,6630,SRET_S_TO_U,U,0x40000014,0x8000000000080100,0x8,0x40000014,0x0
51949,6631,TRAP_U_TO_S,S,0x800000d0,0x8000000000080100,0x8,0x40000018,0x0
51949,6631,ECALL_FROM_U,S,0x800000d0,0x8000000000080100,0x8,0x40000018,0x0
53139,6745,SRET_S_TO_U,U,0x4000001c,0x8000000000080100,0x8,0x4000001c,0x0
53186,6751,TRAP_U_TO_S,S,0x800000d0,0x8000000000080100,0x8,0x40000034,0x0
53186,6751,ECALL_FROM_U,S,0x800000d0,0x8000000000080100,0x8,0x40000034,0x0
55132,6959,SRET_S_TO_U,U,0x40000038,0x8000000000080100,0x8,0x40000038,0x0
55157,6961,TRAP_U_TO_S,S,0x800000d0,0x8000000000080100,0xf,0x40000040,0x10000000
55157,6961,STORE_PAGE_FAULT,S,0x800000d0,0x8000000000080100,0xf,0x40000040,0x10000000
57085,7147,SRET_S_TO_U,U,0x40000044,0x8000000000080100,0xf,0x40000044,0x10000000
57115,7148,TRAP_U_TO_S,S,0x800000d0,0x8000000000080100,0xd,0x40000048,0x50000000
57115,7148,LOAD_PAGE_FAULT,S,0x800000d0,0x8000000000080100,0xd,0x40000048,0x50000000
59073,7336,SRET_S_TO_U,U,0x4000004c,0x8000000000080100,0xd,0x4000004c,0x50000000
59110,7340,TRAP_U_TO_S,S,0x800000d0,0x8000000000080100,0x8,0x4000005c,0x0
59110,7340,ECALL_FROM_U,S,0x800000d0,0x8000000000080100,0x8,0x4000005c,0x0
61428,7596,SRET_S_TO_U,U,0x40000060,0x8000000000080100,0x8,0x40000060,0x0
61451,7598,TRAP_U_TO_S,S,0x800000d0,0x8000000000080100,0x8,0x40000068,0x0
61451,7598,ECALL_FROM_U,S,0x800000d0,0x8000000000080100,0x8,0x40000068,0x0
63409,7794,SIM_EXIT,S,0x80000310,0x8000000000080100,0x8,0x4000006c,0x0
